{
  "num_leaves": 68,
  "learning_rate": 0.032878407219036045,
  "feature_fraction": 0.6157767116523245,
  "bagging_fraction": 0.43152179453359724,
  "bagging_freq": 6,
  "min_child_samples": 47
}